{
  "precision": 0.7261891398859948,
  "recall": 0.650786308973173,
  "f1": 0.6597501560808544
}