{
  "precision": 0.8770514810334724,
  "recall": 0.8769657724329325,
  "f1": 0.8770078142201942
}